User,Title,Genre,HoursWatched,Rating,Date
User52,The Witcher,Sci-Fi,3.025448347729371,5,2024-02-08
User83,The Crown,Sci-Fi,4.022461728959879,4,2024-02-09
User24,The Crown,Fantasy,7.007114950316624,4,2024-01-30
User38,Breaking Bad,Action,0.4052228456645141,4,2024-02-27
User22,The Witcher,Action,0.046665047196646776,3,2024-02-28
User42,Black Mirror,Action,0.9125544364416941,3,2024-02-13
User55,Black Mirror,Drama,0.09512769951281709,3,2024-01-07
User21,Stranger Things,Thriller,5.947375587013862,4,2024-01-14
User9,Breaking Bad,Fantasy,0.5250525017907556,4,2024-02-16
User60,Black Mirror,Fantasy,3.5818585686877866,3,2024-01-14
User81,Black Mirror,Thriller,2.1725115971299607,2,2024-01-06
User54,Breaking Bad,Action,0.4087771990158115,2,2024-01-26
User44,Breaking Bad,Thriller,4.504303995068393,4,2024-02-26
User62,The Witcher,Fantasy,0.6331208864176514,5,2024-01-24
User26,Stranger Things,Action,1.8680656303021674,5,2024-02-10
User29,The Witcher,Drama,0.03151988967171242,1,2024-01-24
User1,Black Mirror,Sci-Fi,0.4433952046270243,3,2024-02-04
User33,The Crown,Fantasy,5.215528799969486,2,2024-02-10
User28,Stranger Things,Action,0.803637602502602,5,2024-02-04
User44,Money Heist,Sci-Fi,1.647621040982829,3,2024-02-06
User47,Money Heist,Sci-Fi,2.860785506153728,2,2024-02-24
User14,The Crown,Drama,2.4803255979874406,2,2024-02-11
User77,The Crown,Drama,0.7547934175901997,4,2024-01-30
User23,The Witcher,Sci-Fi,0.4539548442646495,5,2024-02-01
User71,The Crown,Sci-Fi,0.3516167170001257,2,2024-02-11
User45,Money Heist,Drama,0.22296791774294417,4,2024-01-28
User44,Black Mirror,Sci-Fi,0.784145438665941,4,2024-01-25
User62,Stranger Things,Drama,0.5173734922787627,1,2024-02-21
User77,Stranger Things,Sci-Fi,0.013952818363301294,3,2024-01-09
User62,The Witcher,Drama,0.2553607830912936,4,2024-01-24
User79,The Crown,Drama,1.0344795378289728,1,2024-02-27
User52,Black Mirror,Thriller,2.491469577694311,5,2024-02-18
User56,Stranger Things,Sci-Fi,1.8809841419651863,2,2024-01-28
User54,The Witcher,Drama,2.0121647296723553,2,2024-02-22
User44,Breaking Bad,Action,0.16861913596482556,3,2024-01-17
User38,The Witcher,Action,8.199495171985943,3,2024-02-17
User16,Stranger Things,Drama,0.7736205873347932,5,2024-01-03
User20,Black Mirror,Sci-Fi,0.49754088480041436,2,2024-01-03
User19,Black Mirror,Action,5.644340085432386,2,2024-02-09
User1,The Crown,Action,2.657682660075784,2,2024-01-23
User31,Money Heist,Thriller,0.5966547401229778,4,2024-01-16
User90,Stranger Things,Action,1.5085588203878921,2,2024-01-01
User48,Money Heist,Action,1.6342190791727553,3,2024-02-24
User9,Stranger Things,Sci-Fi,2.4103325656280914,3,2024-01-20
User24,Money Heist,Drama,2.05462138713541,3,2024-02-18
User72,Black Mirror,Action,1.7382734368270785,1,2024-02-04
User25,The Witcher,Thriller,0.3506316322083981,2,2024-01-02
User54,The Crown,Fantasy,0.507899734616049,1,2024-01-04
User33,Money Heist,Fantasy,0.3940324958464941,3,2024-01-17
User33,Black Mirror,Sci-Fi,0.9168326144140401,5,2024-02-20
User54,The Crown,Sci-Fi,3.1676505053767996,1,2024-01-28
User64,Stranger Things,Fantasy,0.5232108023821954,3,2024-01-04
User35,Stranger Things,Drama,10.424466797964273,5,2024-02-15
User6,The Crown,Action,0.031154630743888766,5,2024-02-18
User46,The Witcher,Sci-Fi,7.85748232822131,4,2024-01-21
User32,Stranger Things,Sci-Fi,0.37143723259150957,1,2024-02-11
User95,Money Heist,Thriller,5.319001126308978,2,2024-02-01
User47,Money Heist,Thriller,0.5864981431388121,2,2024-01-02
User90,Stranger Things,Drama,0.29380380498430403,5,2024-02-11
User26,The Crown,Thriller,4.03590009473583,5,2024-02-29
User7,Stranger Things,Action,3.201899864616975,1,2024-01-08
User16,Money Heist,Action,4.353970248877295,4,2024-02-03
User66,Money Heist,Sci-Fi,1.2532138963642192,5,2024-01-22
User58,Breaking Bad,Drama,0.07612699856557877,3,2024-02-29
User97,The Witcher,Action,0.4862360068598067,5,2024-02-08
User68,Money Heist,Fantasy,0.43228630773324495,3,2024-02-24
User40,Black Mirror,Fantasy,6.982476168694093,2,2024-01-30
User19,Stranger Things,Sci-Fi,1.1559668625466026,2,2024-02-06
User90,The Witcher,Drama,2.332711244368855,1,2024-02-27
User1,Breaking Bad,Drama,2.158780699393597,5,2024-01-01
User16,The Witcher,Fantasy,1.8920609440748701,3,2024-01-12
User26,The Crown,Fantasy,0.2560409775887419,5,2024-01-14
User92,The Witcher,Drama,0.746228112908024,4,2024-01-05
User76,Breaking Bad,Thriller,1.3530359315944664,4,2024-02-02
User94,The Witcher,Thriller,1.913444865826269,5,2024-02-05
User34,Black Mirror,Thriller,1.966249989565457,2,2024-02-01
User1,The Witcher,Fantasy,0.35570573753461465,2,2024-02-18
User92,The Crown,Action,1.713564891155089,2,2024-02-04
User33,Stranger Things,Fantasy,1.5776287211526403,5,2024-01-12
User67,Stranger Things,Drama,2.1081467069776627,3,2024-02-13
User29,The Witcher,Action,0.21245067096326042,2,2024-02-20
User35,Stranger Things,Thriller,0.768314376589737,2,2024-01-10
User90,Money Heist,Thriller,0.6040881703389148,4,2024-02-27
User75,The Witcher,Action,1.0823842130774703,5,2024-02-26
User36,Breaking Bad,Fantasy,2.7775127920108496,3,2024-02-18
User99,Black Mirror,Thriller,0.5754080099608733,5,2024-01-12
User55,The Witcher,Drama,0.5442373652384614,1,2024-02-18
User62,Black Mirror,Drama,0.7714708523290166,3,2024-01-19
User49,Black Mirror,Action,6.366124553800475,3,2024-01-12
User9,Black Mirror,Action,1.7039945821105276,5,2024-01-05
User99,Black Mirror,Drama,1.6135414931891814,5,2024-02-05
User53,Stranger Things,Fantasy,5.345243696093835,2,2024-02-08
User14,Breaking Bad,Fantasy,2.671472905736577,5,2024-02-12
User75,Breaking Bad,Action,2.329696564514655,2,2024-02-13
User17,The Witcher,Fantasy,0.5035398520483007,1,2024-02-19
User27,Breaking Bad,Thriller,0.16969750116062413,5,2024-02-07
User83,The Witcher,Drama,4.246535566174997,1,2024-01-07
User89,The Witcher,Action,0.8622374732563748,4,2024-01-31
User19,The Witcher,Action,1.634720815122986,3,2024-01-10
User90,The Crown,Sci-Fi,0.5852074582465593,2,2024-01-28
User58,Black Mirror,Action,2.915106909458182,1,2024-02-08
User1,The Crown,Fantasy,0.5423225149550577,1,2024-02-29
User25,Stranger Things,Fantasy,6.605740212503822,4,2024-02-14
User32,The Witcher,Fantasy,0.7792417518546398,5,2024-01-11
User36,The Crown,Sci-Fi,6.96715044251201,2,2024-02-16
User49,Money Heist,Drama,1.9753483460160441,3,2024-01-16
User87,Stranger Things,Sci-Fi,0.6596854517975169,4,2024-01-24
User28,The Witcher,Thriller,0.416808322872129,2,2024-01-08
User58,Black Mirror,Thriller,0.618323366100261,5,2024-02-10
User100,The Crown,Drama,0.6563513172772067,5,2024-01-20
User77,Black Mirror,Fantasy,0.2858596978077895,3,2024-01-06
User82,The Crown,Fantasy,1.9008080391827455,2,2024-01-10
User56,Money Heist,Thriller,1.6040850841680283,5,2024-02-24
User33,Money Heist,Drama,1.309276833358499,1,2024-01-11
User85,Breaking Bad,Drama,7.007417108751925,3,2024-02-18
User77,Stranger Things,Thriller,0.07503381559151227,1,2024-01-21
User55,Money Heist,Action,3.352234878499846,5,2024-02-07
User3,The Witcher,Fantasy,2.590136613275906,2,2024-01-10
User83,Stranger Things,Fantasy,1.197653654799729,1,2024-02-20
User45,The Witcher,Action,0.5192074508369674,1,2024-02-09
User32,Breaking Bad,Action,0.6257877571354165,2,2024-02-27
User34,Money Heist,Sci-Fi,1.4686197208470302,4,2024-01-01
User54,Black Mirror,Fantasy,0.18512600491217115,3,2024-02-26
User17,The Witcher,Fantasy,2.039757621642969,3,2024-02-20
User38,Black Mirror,Thriller,0.8633745230301385,2,2024-01-18
User30,The Crown,Sci-Fi,4.690123045962883,4,2024-02-26
User38,Stranger Things,Action,0.7075282305763896,2,2024-02-20
User81,The Witcher,Fantasy,0.31816375862967194,1,2024-01-10
User17,Black Mirror,Action,1.229173934741395,2,2024-01-06
User53,Breaking Bad,Fantasy,0.46924534782162103,3,2024-02-17
User75,The Crown,Drama,1.2328136571165307,3,2024-02-23
User16,Black Mirror,Action,0.8482786315896105,3,2024-02-01
User67,The Crown,Fantasy,7.23202759526607,5,2024-02-27
User51,The Crown,Fantasy,0.37009468813116175,4,2024-02-11
User61,Money Heist,Fantasy,1.5913137903744876,5,2024-02-10
User12,Breaking Bad,Thriller,0.2756489570311424,2,2024-02-14
User27,Stranger Things,Thriller,3.212988487652239,1,2024-01-22
User56,Money Heist,Sci-Fi,5.073387092757856,5,2024-01-17
User26,Black Mirror,Drama,0.17660698503533728,3,2024-02-21
User79,Money Heist,Thriller,2.8538611536094183,2,2024-02-14
User26,Money Heist,Sci-Fi,0.5818732437647944,3,2024-02-16
User23,Money Heist,Sci-Fi,1.5190590047061379,5,2024-01-18
User38,The Crown,Sci-Fi,0.5553856065213066,1,2024-02-24
User28,Breaking Bad,Drama,3.674057500038502,2,2024-02-13
User25,Stranger Things,Fantasy,1.8007976277591196,4,2024-01-10
User67,Stranger Things,Fantasy,1.3062462793763998,4,2024-02-16
User86,Breaking Bad,Drama,1.6623305841887617,2,2024-02-10
User6,Black Mirror,Thriller,1.8707188907991072,3,2024-02-25
User59,The Witcher,Fantasy,5.426884135043318,5,2024-01-22
User21,Money Heist,Action,3.8051700197523903,1,2024-02-24
User3,The Crown,Fantasy,8.07728433203184,2,2024-01-20
User92,The Crown,Action,0.010628202510924412,1,2024-01-30
User51,Money Heist,Drama,2.5349421038646525,3,2024-01-08
User26,The Crown,Fantasy,2.934947516824177,2,2024-02-23
User68,The Crown,Action,1.416969925289397,1,2024-01-12
User47,Stranger Things,Thriller,2.920135867736341,5,2024-01-11
User100,The Witcher,Sci-Fi,1.8022284475536212,2,2024-02-25
User10,The Witcher,Thriller,9.202402622790649,5,2024-02-09
User2,Black Mirror,Drama,0.2989145601894921,1,2024-01-17
User9,The Crown,Sci-Fi,0.8580866034079496,1,2024-01-05
User62,Black Mirror,Action,1.0502490447834845,5,2024-02-25
User75,Stranger Things,Thriller,0.39991161940159536,3,2024-01-01
User40,Money Heist,Action,3.6881542826429556,3,2024-02-10
User14,Black Mirror,Sci-Fi,0.3588893131199014,5,2024-01-19
User78,Breaking Bad,Action,0.7601696073708819,2,2024-01-25
User18,Money Heist,Sci-Fi,1.9568724727591482,1,2024-01-23
User63,Stranger Things,Drama,0.8781341218759737,2,2024-01-14
User53,The Crown,Sci-Fi,1.1296069424294155,3,2024-01-07
User51,Breaking Bad,Action,3.160002791360534,5,2024-02-02
User94,The Crown,Action,12.143281661402282,1,2024-02-02
User27,Stranger Things,Action,1.687427112772286,2,2024-01-05
User74,Stranger Things,Fantasy,0.23448777019755468,4,2024-02-14
User88,Black Mirror,Fantasy,1.5524517451695534,5,2024-02-16
User68,Black Mirror,Fantasy,2.5461923439833893,3,2024-02-20
User36,Black Mirror,Thriller,0.5801673985188198,5,2024-01-20
User11,Money Heist,Thriller,0.8386948173159938,2,2024-02-15
User12,Breaking Bad,Fantasy,0.2995914724168615,2,2024-01-25
User97,Black Mirror,Sci-Fi,5.379977073382504,4,2024-02-17
User68,The Witcher,Fantasy,2.4567949067850363,2,2024-02-18
User92,Breaking Bad,Drama,1.1037490078456422,5,2024-01-14
User40,Stranger Things,Sci-Fi,1.1987285926072353,5,2024-01-21
User90,Money Heist,Action,0.2662919194341268,1,2024-01-01
User63,Money Heist,Sci-Fi,1.7894275736581498,5,2024-02-16
User73,The Witcher,Drama,0.4602854982431414,1,2024-02-22
User26,Stranger Things,Sci-Fi,1.0155561897093563,1,2024-01-26
User75,Money Heist,Thriller,1.2535960579025431,3,2024-02-03
User91,Stranger Things,Sci-Fi,0.06679646757126127,3,2024-02-20
User54,Stranger Things,Action,1.085752432512014,1,2024-02-18
User29,The Crown,Thriller,0.026361889651318453,5,2024-02-18
User71,Stranger Things,Action,1.228631290951848,4,2024-02-23
User86,Black Mirror,Fantasy,0.4078166586956913,1,2024-02-01
User13,Money Heist,Sci-Fi,0.4712056765005264,3,2024-02-01
User30,The Witcher,Drama,0.07446868371534433,3,2024-01-18
User1,Money Heist,Sci-Fi,1.2076693005872434,2,2024-02-23
User92,Stranger Things,Thriller,1.374377728552764,3,2024-01-04
User1,The Witcher,Sci-Fi,0.9346043749502772,2,2024-01-19
User34,Black Mirror,Drama,0.05142829746529406,4,2024-02-01
User50,The Witcher,Drama,1.6046860623726178,3,2024-01-24
User87,The Crown,Fantasy,1.807978313442067,1,2024-02-16
User67,The Crown,Drama,1.6271144591176927,2,2024-02-04
User96,Money Heist,Sci-Fi,6.574808245440679,4,2024-02-06
User54,The Witcher,Thriller,0.026174376792570005,1,2024-01-23
User85,The Crown,Fantasy,4.182122796977154,5,2024-02-29
User82,Breaking Bad,Drama,3.4013918060389567,4,2024-01-11
User2,The Crown,Action,3.55162862205511,5,2024-02-07
User94,Stranger Things,Thriller,3.9475416359190034,3,2024-02-21
User86,Black Mirror,Drama,4.057009855438648,3,2024-02-15
User87,Stranger Things,Thriller,0.04545117895508023,1,2024-02-09
User66,The Witcher,Drama,0.5965093598578778,3,2024-02-15
User4,Breaking Bad,Thriller,4.616649089088552,2,2024-01-23
User37,The Crown,Thriller,1.508606021169056,2,2024-02-05
User41,Money Heist,Thriller,1.6156710308139706,1,2024-02-07
User76,The Witcher,Thriller,0.30168889309769503,3,2024-02-26
User31,Money Heist,Sci-Fi,1.819688620392985,4,2024-02-14
User53,Breaking Bad,Fantasy,3.641638856708772,5,2024-01-28
User62,Breaking Bad,Thriller,0.36372341009854464,3,2024-01-01
User51,The Witcher,Action,2.9479436335455147,5,2024-01-21
User11,The Crown,Action,2.5391279732773735,3,2024-02-23
User98,Money Heist,Fantasy,1.3223474150063,2,2024-02-05
User20,The Crown,Sci-Fi,3.684375668939392,1,2024-02-28
User98,Stranger Things,Thriller,1.2858106505430114,1,2024-01-09
User40,Stranger Things,Drama,1.3683404533261372,3,2024-02-09
User42,Stranger Things,Sci-Fi,3.4196473971423917,5,2024-02-13
User44,The Crown,Thriller,0.2176078659822729,5,2024-02-13
User59,The Crown,Drama,0.29426089763904006,2,2024-02-26
User55,Stranger Things,Action,1.561339692303473,3,2024-01-08
User95,The Witcher,Drama,2.1504754303408053,1,2024-01-18
User89,Black Mirror,Sci-Fi,8.791116834810659,5,2024-01-26
User47,Breaking Bad,Drama,0.3983056507757,5,2024-01-22
User7,Money Heist,Fantasy,2.62626380247705,3,2024-02-17
User72,Breaking Bad,Sci-Fi,5.774347362481949,2,2024-01-31
User94,Black Mirror,Sci-Fi,0.7686810430390687,2,2024-02-08
User17,Money Heist,Sci-Fi,1.6450416298932413,5,2024-02-03
User3,The Witcher,Sci-Fi,0.8306520261371341,4,2024-02-08
User15,Stranger Things,Action,3.128194666675975,1,2024-01-13
User82,Stranger Things,Fantasy,1.9135130181441724,2,2024-02-24
User99,Breaking Bad,Thriller,0.04299772832052263,5,2024-01-13
User18,The Crown,Sci-Fi,12.364388821694652,4,2024-01-29
User62,Stranger Things,Fantasy,0.07664352293192762,4,2024-02-26
User16,Black Mirror,Drama,2.92439422067845,1,2024-02-08
User84,The Witcher,Drama,0.5456582401191886,3,2024-02-14
User14,Money Heist,Thriller,0.7028293794646111,5,2024-01-25
User48,Stranger Things,Fantasy,8.799955958224604,1,2024-01-15
User49,Stranger Things,Action,0.49245051188186667,2,2024-02-06
User61,The Witcher,Sci-Fi,1.7761561024046566,3,2024-01-13
User98,Stranger Things,Action,0.13438842897334774,4,2024-01-29
User63,Money Heist,Fantasy,3.551487037061876,2,2024-02-12
User98,Stranger Things,Thriller,0.07484708790676425,2,2024-01-03
User6,The Witcher,Fantasy,1.987304490556424,1,2024-01-09
User99,Black Mirror,Thriller,1.4890135894943395,3,2024-02-11
User35,Breaking Bad,Thriller,2.381590804842675,3,2024-02-01
User99,Money Heist,Fantasy,0.5067355079392861,1,2024-01-09
User68,Money Heist,Fantasy,0.19189180594202748,1,2024-02-25
User67,The Crown,Action,1.2951121733763917,3,2024-01-25
User98,Black Mirror,Thriller,3.3163749394672246,1,2024-01-05
User11,The Crown,Thriller,1.0500289998205297,3,2024-01-05
User48,Breaking Bad,Thriller,0.16903889447111708,4,2024-02-17
User77,Black Mirror,Fantasy,9.52958313957494,2,2024-02-09
User45,Money Heist,Fantasy,4.739881170962573,3,2024-02-25
User40,Breaking Bad,Sci-Fi,3.99746219237111,1,2024-01-06
User88,The Crown,Action,3.802011437083213,3,2024-02-17
User41,The Witcher,Sci-Fi,0.545429372889352,5,2024-02-11
User100,The Crown,Action,0.345388350922558,3,2024-02-14
User58,Stranger Things,Sci-Fi,4.225111307262836,2,2024-01-10
User32,The Crown,Fantasy,2.7213176063214832,2,2024-02-05
User2,Money Heist,Fantasy,1.416390610619194,2,2024-02-01
User13,Money Heist,Sci-Fi,7.946326935948816,1,2024-02-09
User95,Breaking Bad,Action,0.018227619067922488,5,2024-02-04
User70,The Crown,Thriller,1.132115730884396,2,2024-01-28
User60,Money Heist,Fantasy,0.21630599533054923,4,2024-01-20
User96,Black Mirror,Thriller,5.886199506400826,1,2024-01-12
User22,Stranger Things,Thriller,1.2832885923291664,2,2024-02-25
User82,Breaking Bad,Fantasy,1.1810306739249787,3,2024-02-04
User52,The Witcher,Action,0.04978844456502263,3,2024-02-02
User6,The Crown,Sci-Fi,2.299571453781638,2,2024-02-03
User46,Breaking Bad,Fantasy,5.775680787488926,3,2024-01-13
User39,The Witcher,Fantasy,0.7087107894626319,2,2024-02-16
User78,Black Mirror,Sci-Fi,0.6383716973474793,1,2024-02-13
User56,Black Mirror,Fantasy,5.751136865599309,5,2024-02-28
User84,Money Heist,Sci-Fi,0.6410034601337625,3,2024-02-28
User1,Breaking Bad,Action,2.577774019211864,2,2024-02-04
User64,Stranger Things,Drama,2.5099992172379553,2,2024-01-15
User80,The Crown,Action,0.4104243565216768,1,2024-01-29
User53,The Crown,Thriller,2.862784225207454,3,2024-01-29
User64,Black Mirror,Fantasy,4.857113918177597,2,2024-01-03
User20,Money Heist,Drama,0.002465188998020568,1,2024-02-13
User84,Black Mirror,Drama,0.44759934978327226,1,2024-02-29
User63,Money Heist,Fantasy,0.6266655932249148,3,2024-01-13
User81,The Witcher,Thriller,2.281724519268986,2,2024-02-15
User95,Money Heist,Sci-Fi,2.374768228778372,1,2024-02-29
User41,The Crown,Sci-Fi,0.22170710161909227,1,2024-01-12
User46,Money Heist,Action,2.4244466297154763,2,2024-02-09
User32,Breaking Bad,Action,0.1503444319127495,1,2024-02-02
User77,Money Heist,Drama,3.480392557155461,2,2024-01-22
User66,Money Heist,Thriller,2.338917126316868,2,2024-01-15
User98,Breaking Bad,Action,0.22089763457015135,3,2024-01-03
User6,Stranger Things,Drama,0.10674097135801607,1,2024-02-19
User76,Breaking Bad,Action,3.236231745193452,3,2024-01-07
User75,Black Mirror,Action,1.8200004306104836,2,2024-01-03
User41,Black Mirror,Thriller,1.1546689391786094,2,2024-02-23
User12,Black Mirror,Fantasy,1.3050815042777277,3,2024-02-27
User19,Money Heist,Action,2.7273370581480036,5,2024-02-24
User53,The Crown,Action,1.6209965982312413,2,2024-01-19
User22,The Witcher,Drama,1.3595809468263462,4,2024-01-10
User35,The Witcher,Fantasy,1.0839439787983203,1,2024-01-07
User76,Stranger Things,Fantasy,2.597805957635778,5,2024-01-24
User20,The Witcher,Action,2.658696418419732,4,2024-02-29
User24,Breaking Bad,Drama,1.4430763053332114,1,2024-02-05
User98,Black Mirror,Thriller,1.8212315561356842,4,2024-01-06
User39,Breaking Bad,Sci-Fi,1.7946942438818185,5,2024-01-12
User3,The Witcher,Thriller,1.996956000451087,1,2024-02-04
User26,Black Mirror,Thriller,0.5424191833743239,2,2024-02-24
User37,The Witcher,Fantasy,1.1495389148791348,4,2024-02-16
User14,Stranger Things,Action,1.797642685370157,1,2024-02-28
User89,Stranger Things,Action,0.5971717608480124,5,2024-01-05
User65,Black Mirror,Action,7.0012209088488,3,2024-01-10
User67,Money Heist,Thriller,1.1912337480559685,4,2024-01-30
User1,The Witcher,Action,1.7729026327270103,4,2024-01-01
User57,Money Heist,Action,0.954003606639305,3,2024-02-06
User47,The Witcher,Action,1.2873083392705855,1,2024-02-25
User44,Black Mirror,Action,1.5526482274243874,4,2024-02-19
User78,Breaking Bad,Drama,1.5150280856678877,4,2024-01-26
User29,Stranger Things,Sci-Fi,1.2036864966038618,5,2024-02-28
User69,Stranger Things,Drama,1.7573671609821515,4,2024-02-11
User20,The Witcher,Thriller,6.711608615639818,3,2024-02-03
User89,Breaking Bad,Fantasy,4.048669133953021,3,2024-02-19
User23,Black Mirror,Action,0.268758387942571,5,2024-02-21
User80,Breaking Bad,Thriller,2.6402562184702343,2,2024-01-21
User1,The Witcher,Fantasy,6.612510874954618,2,2024-01-01
User55,Breaking Bad,Sci-Fi,2.299272469969244,2,2024-01-18
User17,Breaking Bad,Drama,0.06171663546781039,1,2024-02-15
User68,Stranger Things,Drama,0.4858639960360479,5,2024-02-17
User69,Stranger Things,Thriller,0.85718192418116,2,2024-02-19
User64,Money Heist,Drama,4.0263889747479595,1,2024-02-17
User13,Stranger Things,Fantasy,1.6741102118531048,1,2024-01-11
User68,Breaking Bad,Fantasy,2.897964568883461,4,2024-02-07
User19,Money Heist,Thriller,2.873366737641024,1,2024-01-23
User83,The Witcher,Sci-Fi,0.9421596222650949,1,2024-01-21
User15,Stranger Things,Action,1.882354729751348,5,2024-01-19
User60,The Witcher,Drama,1.81508558872443,1,2024-02-04
User44,Money Heist,Thriller,1.768914221008729,2,2024-01-02
User46,Stranger Things,Sci-Fi,1.5633608772309344,2,2024-01-06
User28,The Witcher,Fantasy,0.8348157628215953,4,2024-01-05
User98,The Witcher,Action,1.2951834373448603,3,2024-02-17
User87,Money Heist,Thriller,2.5139801298795197,3,2024-02-14
User21,The Crown,Fantasy,4.566164020132954,1,2024-02-05
User75,The Crown,Action,5.449457846000236,3,2024-02-03
User78,The Witcher,Action,0.5935171261563438,4,2024-02-15
User27,The Witcher,Action,1.5494142762765208,2,2024-02-05
User30,Breaking Bad,Thriller,0.6366234844160921,4,2024-01-26
User89,Money Heist,Sci-Fi,0.2630044009071386,4,2024-01-10
User39,The Witcher,Drama,1.6754777451362937,2,2024-02-25
User36,Black Mirror,Action,0.18212414928047777,1,2024-02-13
User45,Breaking Bad,Sci-Fi,0.005174718347562138,5,2024-01-22
User92,Stranger Things,Thriller,0.4766281883603115,2,2024-01-24
User42,Stranger Things,Thriller,0.5904744089368159,4,2024-02-19
User24,The Crown,Action,1.1023866015108204,2,2024-01-25
User18,The Crown,Action,0.32434143427784284,2,2024-01-05
User47,Stranger Things,Sci-Fi,4.069083579688901,1,2024-02-24
User21,Stranger Things,Fantasy,2.0542853760991746,4,2024-01-07
User32,The Crown,Thriller,0.5938058352144951,5,2024-02-26
User25,Breaking Bad,Sci-Fi,1.8178702858173843,2,2024-01-03
User42,Money Heist,Fantasy,2.528845722838106,1,2024-01-11
User24,Black Mirror,Sci-Fi,1.848743643272532,2,2024-02-01
User39,The Witcher,Action,0.17910174212781588,1,2024-02-05
User3,Stranger Things,Drama,0.5140636601912666,1,2024-02-08
User68,The Witcher,Drama,3.5659536585500273,4,2024-01-05
User44,The Crown,Fantasy,0.6325676245678966,2,2024-01-03
User44,The Witcher,Thriller,0.8099362024476936,2,2024-01-23
User44,Breaking Bad,Drama,10.798703707840199,4,2024-01-08
User22,Black Mirror,Thriller,6.32240685459067,5,2024-01-29
User31,Stranger Things,Thriller,0.20334896740472178,1,2024-02-24
User16,Black Mirror,Drama,0.7157888268168148,4,2024-01-03
User16,Money Heist,Fantasy,0.25527814899546736,3,2024-02-09
User5,Black Mirror,Action,0.558519853169606,5,2024-01-20
User70,Money Heist,Thriller,3.101413583541383,1,2024-02-22
User16,Black Mirror,Action,2.467110138187218,4,2024-02-02
User23,Breaking Bad,Fantasy,0.893000524039034,5,2024-01-02
User91,Stranger Things,Drama,1.4255745688744712,3,2024-02-21
User62,Breaking Bad,Action,4.132445184084551,3,2024-01-22
User43,Money Heist,Action,3.8133302266565607,2,2024-01-12
User49,Breaking Bad,Thriller,1.9774543339634725,2,2024-01-30
User78,Money Heist,Sci-Fi,3.121585387128522,4,2024-01-14
User73,The Witcher,Sci-Fi,0.3811700467333151,2,2024-02-04
User82,Money Heist,Action,1.702136587435663,2,2024-01-25
User66,Stranger Things,Fantasy,3.961213086672902,4,2024-01-31
User14,Stranger Things,Fantasy,0.7640776609193886,3,2024-02-10
User6,Stranger Things,Fantasy,0.916258964913463,5,2024-02-03
User68,Stranger Things,Action,0.1666879896392504,4,2024-02-01
User96,Black Mirror,Fantasy,5.511830563921674,4,2024-01-18
User93,Black Mirror,Fantasy,0.03569221666757227,2,2024-02-29
User23,The Crown,Sci-Fi,1.6622504471830788,2,2024-01-10
User89,Breaking Bad,Sci-Fi,2.806909885235643,1,2024-01-23
User83,Stranger Things,Sci-Fi,0.1551228416239824,4,2024-02-15
User7,Black Mirror,Drama,1.4243425048692737,1,2024-02-06
User52,The Witcher,Action,2.1326213332526893,2,2024-02-06
User63,Money Heist,Fantasy,0.8746430787320517,3,2024-01-28
User86,Money Heist,Fantasy,0.979037669438549,5,2024-02-24
User2,Money Heist,Sci-Fi,1.0845659217452492,5,2024-01-10
User87,Breaking Bad,Fantasy,0.48465751215378755,5,2024-01-26
User85,The Witcher,Thriller,0.13359773125242264,4,2024-01-17
User99,Stranger Things,Action,2.077425968626351,5,2024-02-21
User55,The Witcher,Thriller,0.2720971451306809,2,2024-02-21
User82,The Crown,Drama,1.9042571648898947,5,2024-02-07
User42,The Witcher,Thriller,4.452817032647493,1,2024-01-17
User9,Stranger Things,Drama,3.309743776999045,5,2024-02-02
User10,Breaking Bad,Thriller,0.5835366404062883,5,2024-01-28
User75,Breaking Bad,Sci-Fi,1.1961265342302438,1,2024-01-15
User17,Black Mirror,Fantasy,0.325435547513243,4,2024-01-01
User87,The Witcher,Fantasy,0.07752707967976182,3,2024-01-01
User51,The Crown,Drama,6.270052972439578,5,2024-02-09
User58,Money Heist,Action,0.8606529013337602,3,2024-01-07
User28,The Crown,Sci-Fi,1.0625020527863753,5,2024-01-30
User96,Breaking Bad,Action,4.583306606793587,1,2024-01-09
User66,Breaking Bad,Sci-Fi,0.2588201781142023,4,2024-01-14
User41,Stranger Things,Thriller,1.3011537616041833,2,2024-01-10
User21,Black Mirror,Action,1.286186525408203,2,2024-02-23
User13,The Witcher,Action,0.3407190250896399,2,2024-01-15
User17,Breaking Bad,Drama,0.9309622188253593,3,2024-01-14
User89,Breaking Bad,Action,0.5506974485483729,5,2024-02-13
User32,The Crown,Drama,2.0758481621524556,3,2024-02-27
User32,Money Heist,Drama,0.5979758071469305,2,2024-01-21
User13,Money Heist,Fantasy,7.669871981546243,4,2024-02-01
User75,Money Heist,Sci-Fi,0.6275902688312661,4,2024-01-29
User13,Breaking Bad,Thriller,0.2825022803053705,4,2024-01-27
User50,The Crown,Action,2.639527237294353,3,2024-02-06
User61,Stranger Things,Sci-Fi,0.706357700003241,3,2024-01-23
User29,Money Heist,Action,2.022804309749709,5,2024-02-16
User8,Breaking Bad,Thriller,0.018750864328912313,1,2024-02-13
User5,The Crown,Drama,0.6511890998075522,3,2024-02-01
User64,Breaking Bad,Thriller,0.4564017225231275,2,2024-01-21
User46,The Crown,Sci-Fi,2.328761434895668,5,2024-01-09
User36,Money Heist,Thriller,2.8625061336552475,4,2024-01-17
User78,Money Heist,Drama,6.343673439119572,1,2024-01-20
User75,The Crown,Sci-Fi,11.217492461418113,4,2024-02-16
User4,Black Mirror,Thriller,4.346551358926028,3,2024-01-26
User37,Money Heist,Fantasy,0.0037633054471004086,5,2024-01-10
User38,Money Heist,Action,0.4001222246315554,5,2024-01-20
User17,Black Mirror,Fantasy,2.0562639929492894,5,2024-01-16
User58,Black Mirror,Action,0.10849839219805164,2,2024-01-30
User82,The Crown,Action,3.486503377622462,1,2024-02-15
User83,Money Heist,Fantasy,2.7402532036341016,2,2024-02-07
User31,Black Mirror,Sci-Fi,1.1603478237958065,4,2024-01-30
User55,Stranger Things,Drama,0.18554774320512346,4,2024-02-18
User92,The Crown,Sci-Fi,2.6456315283244343,5,2024-02-02
User17,Money Heist,Action,1.37101838524704,3,2024-01-15
User70,Money Heist,Action,0.9684743405698264,1,2024-01-26
User16,The Witcher,Drama,1.6673486699089404,2,2024-02-19
User3,The Witcher,Sci-Fi,0.048978382541060635,5,2024-01-06
User81,The Crown,Fantasy,3.051866468769035,3,2024-02-11
User35,Money Heist,Thriller,4.122892866231186,5,2024-02-06
User84,Stranger Things,Fantasy,1.2256682929649099,5,2024-02-05
User70,Breaking Bad,Action,0.1022540433347068,2,2024-02-04
User1,Stranger Things,Action,2.9007093979347705,4,2024-02-13
User60,Stranger Things,Action,2.139788201231888,4,2024-01-21
User30,Black Mirror,Thriller,0.6630925871897281,4,2024-01-07
User35,Black Mirror,Thriller,0.6347703513083895,2,2024-01-25
User77,Money Heist,Action,0.34011052324833857,4,2024-02-25
User84,Breaking Bad,Thriller,1.6510400775091285,5,2024-01-04
User50,Stranger Things,Sci-Fi,0.8534081111890731,2,2024-02-01
User75,Black Mirror,Fantasy,0.1073456765916481,4,2024-02-25
User14,Stranger Things,Fantasy,7.958152357683365,2,2024-01-05
User3,Breaking Bad,Fantasy,1.6663374842959167,3,2024-02-20
User89,The Witcher,Action,0.8600475535058212,1,2024-02-02
User50,The Witcher,Action,1.0825350712901751,1,2024-01-07
User86,Stranger Things,Drama,7.87640770489379,5,2024-02-03
User28,Breaking Bad,Sci-Fi,0.14013338543903262,1,2024-01-17
User98,Money Heist,Thriller,1.32599763682987,5,2024-01-05
User2,Money Heist,Drama,2.211408780520436,2,2024-01-16
User51,The Witcher,Action,0.1285930600542531,4,2024-02-28
User10,The Crown,Sci-Fi,3.086160213622474,5,2024-01-20
User26,Black Mirror,Action,1.4653810670480858,5,2024-01-15
User86,Black Mirror,Action,0.5900669751005705,5,2024-02-10
User40,Breaking Bad,Action,2.956928744365557,2,2024-01-25
User3,Black Mirror,Drama,0.9909821544808362,3,2024-01-06
User39,Black Mirror,Drama,1.0129415414542502,3,2024-01-19
User69,The Crown,Sci-Fi,0.4557254862268262,2,2024-01-08
User24,Black Mirror,Action,2.8333577389906743,5,2024-01-21
User72,Stranger Things,Thriller,0.34384322317863675,4,2024-01-06
User12,Breaking Bad,Sci-Fi,0.9022875563967478,3,2024-02-19
User40,Money Heist,Drama,1.8231668043570526,5,2024-02-01
User48,The Crown,Fantasy,1.1607923897797439,3,2024-02-01
User9,Black Mirror,Sci-Fi,1.4072306561636723,1,2024-02-14
User21,Money Heist,Fantasy,0.7802010947950629,4,2024-02-07
User95,The Crown,Sci-Fi,2.3222161802778576,3,2024-02-02
User68,Stranger Things,Action,4.419247211470856,5,2024-02-04
User61,Black Mirror,Fantasy,0.7033457539883808,2,2024-01-06
User83,Black Mirror,Action,8.856654997113525,2,2024-02-16
User73,The Witcher,Thriller,3.421337322122213,4,2024-01-28
User30,Breaking Bad,Fantasy,0.23969254425646114,2,2024-02-02
User85,The Crown,Action,4.715347461776037,3,2024-02-16
User82,Breaking Bad,Sci-Fi,2.106212651071003,1,2024-01-05
User11,Money Heist,Sci-Fi,2.0110207540195453,4,2024-01-16
User34,Breaking Bad,Sci-Fi,2.318809728049773,4,2024-02-16
User39,Money Heist,Drama,2.1300595519715295,1,2024-01-08
User87,The Crown,Action,4.025608163482691,5,2024-02-04
User57,The Witcher,Fantasy,2.11779949218444,4,2024-01-12
User17,Stranger Things,Sci-Fi,0.12182384258224195,2,2024-02-20
User97,Money Heist,Sci-Fi,0.0003768346120154304,3,2024-01-27
User98,Money Heist,Action,0.9612781791438106,3,2024-01-19
User30,Money Heist,Sci-Fi,1.09826139730267,1,2024-02-09
User88,Money Heist,Thriller,6.777159284806055,1,2024-01-19
User51,The Crown,Thriller,2.4033866428192763,4,2024-01-20
User45,Money Heist,Drama,0.726970722795446,1,2024-02-29
User19,Black Mirror,Fantasy,1.5560967419345106,1,2024-01-30
User9,Stranger Things,Action,0.7169681896743889,3,2024-02-22
User99,Stranger Things,Sci-Fi,2.6204907833683175,1,2024-01-04
User68,Black Mirror,Thriller,2.204064359026824,1,2024-02-25
User55,The Witcher,Drama,0.6717577727770534,4,2024-02-04
User11,Money Heist,Thriller,1.7035794805467006,5,2024-01-05
User48,Black Mirror,Fantasy,1.827480515087411,1,2024-02-22
User73,The Witcher,Drama,2.2124842213761022,1,2024-02-03
User88,Stranger Things,Fantasy,2.371286680921759,4,2024-02-23
User76,Money Heist,Drama,0.8335042341985258,4,2024-01-29
User22,The Witcher,Sci-Fi,1.1784614182898752,1,2024-01-29
User51,Black Mirror,Action,0.22013158695666166,4,2024-02-14
User67,Money Heist,Action,6.012820262463886,2,2024-01-27
User55,Stranger Things,Drama,0.6265713182985425,1,2024-01-18
User17,The Witcher,Action,1.8530441736314442,3,2024-01-08
User83,Black Mirror,Thriller,7.117997798463182,5,2024-02-14
User99,Money Heist,Sci-Fi,1.1864883689757606,4,2024-02-25
User49,The Witcher,Fantasy,0.011042023874619545,1,2024-01-08
User43,Black Mirror,Action,0.6706882066925233,5,2024-02-22
User49,Money Heist,Thriller,0.6948325140732948,1,2024-01-09
User88,The Witcher,Drama,1.919787952419908,5,2024-02-20
User59,Stranger Things,Fantasy,2.250447759054756,3,2024-01-11
User77,Money Heist,Fantasy,1.0036527296729498,4,2024-01-19
User76,The Witcher,Fantasy,0.5972791185875113,5,2024-02-17
User33,The Witcher,Thriller,6.204876787596312,2,2024-01-05
User8,Stranger Things,Sci-Fi,0.004212118725646365,5,2024-02-16
User87,Stranger Things,Action,2.320485530889521,2,2024-01-04
User94,Stranger Things,Action,0.9210668962374787,3,2024-02-16
User28,Black Mirror,Drama,0.14730958101447222,2,2024-02-20
User15,Stranger Things,Thriller,2.208693277681835,1,2024-01-10
User66,The Crown,Sci-Fi,1.8260541384348223,2,2024-02-20
User73,Stranger Things,Action,0.3771182955436934,3,2024-02-22
User2,The Witcher,Sci-Fi,1.5269996917856938,2,2024-01-17
User41,Money Heist,Action,0.6992304383807553,1,2024-02-24
User45,Breaking Bad,Fantasy,0.26250408776936296,1,2024-01-31
User25,Stranger Things,Action,0.9800619632039044,3,2024-01-18
User36,The Crown,Fantasy,0.6442190399602585,5,2024-02-07
User30,Black Mirror,Action,3.202744460538693,3,2024-01-03
User28,Black Mirror,Drama,1.1276977413996185,3,2024-02-17
User32,Breaking Bad,Sci-Fi,1.8379595221505267,4,2024-02-29
User33,Breaking Bad,Action,1.126096027195722,4,2024-02-06
User56,Stranger Things,Drama,5.8615539533169905,3,2024-01-29
User74,Black Mirror,Thriller,2.02616676599364,3,2024-02-16
User95,The Crown,Sci-Fi,0.7456594510565666,5,2024-01-08
User34,Black Mirror,Action,1.6405454454527277,4,2024-02-18
User50,The Witcher,Sci-Fi,1.5182009518744422,5,2024-01-04
User26,The Crown,Sci-Fi,0.982002725260163,2,2024-02-20
User50,Money Heist,Sci-Fi,0.31813648715224596,5,2024-01-30
User42,The Witcher,Thriller,0.24691084699573063,2,2024-02-29
User35,Money Heist,Action,10.540615861627376,1,2024-02-18
User29,The Witcher,Sci-Fi,6.49534733191931,4,2024-01-17
User96,Money Heist,Action,7.834975058938111,1,2024-02-18
User13,Breaking Bad,Fantasy,2.8701442766129914,3,2024-01-23
User51,The Crown,Thriller,3.506789480762189,5,2024-02-20
User85,Money Heist,Action,0.5358561862825622,3,2024-02-08
User68,The Crown,Drama,1.7372290472451453,5,2024-02-04
User13,Breaking Bad,Sci-Fi,0.4646435936525605,5,2024-01-17
User99,Black Mirror,Thriller,1.9531749676136156,1,2024-01-24
User19,The Witcher,Fantasy,0.32030029189557924,5,2024-01-17
User36,Money Heist,Sci-Fi,0.28398532895379736,3,2024-02-22
User98,The Crown,Fantasy,1.2267004199487708,5,2024-02-23
User11,Black Mirror,Fantasy,3.161804534348337,4,2024-02-10
User46,Breaking Bad,Action,6.987133751024032,3,2024-01-19
User26,Black Mirror,Action,2.8099044560532027,2,2024-02-05
User75,Stranger Things,Sci-Fi,1.4319125312281242,1,2024-02-20
User81,The Crown,Fantasy,7.899381582671365,2,2024-01-28
User51,Black Mirror,Fantasy,1.29437301708327,1,2024-01-08
User45,Stranger Things,Drama,3.7542276220651862,3,2024-02-07
User67,The Crown,Fantasy,1.4284658164922115,5,2024-01-31
User80,Breaking Bad,Fantasy,0.062051637180397926,3,2024-02-23
User10,Breaking Bad,Fantasy,0.8885642448186694,2,2024-02-10
User24,The Crown,Drama,3.1538835006634396,3,2024-01-19
User8,Breaking Bad,Drama,0.1882085538172647,3,2024-01-01
User36,Stranger Things,Fantasy,2.697813207096188,5,2024-01-13
User8,The Witcher,Action,2.149052494663762,1,2024-02-05
User35,Breaking Bad,Drama,2.568555161584211,4,2024-01-30
User95,Money Heist,Sci-Fi,0.8579399945987614,3,2024-01-14
User60,The Witcher,Fantasy,2.393043108427507,5,2024-01-19
User16,Breaking Bad,Drama,1.3887929935427872,2,2024-02-29
User16,Money Heist,Action,0.31376735218746876,2,2024-01-13
User56,Black Mirror,Thriller,0.6598003569110232,3,2024-02-23
User93,The Witcher,Drama,1.5924891821313414,5,2024-01-13
User21,The Crown,Fantasy,1.0761244851050629,1,2024-01-22
User31,Stranger Things,Thriller,1.7631255210799208,4,2024-01-20
User32,Breaking Bad,Thriller,2.503195722539067,4,2024-02-22
User24,Money Heist,Action,0.3083452699285018,2,2024-01-12
User31,Money Heist,Thriller,0.28734438981459237,2,2024-01-11
User76,Stranger Things,Drama,0.0002694041528053474,2,2024-01-29
User26,Breaking Bad,Drama,0.12948160931765357,2,2024-01-08
User41,Money Heist,Fantasy,5.641827781808162,5,2024-01-28
User11,Stranger Things,Drama,0.278363048133031,1,2024-01-27
User34,Black Mirror,Action,3.1111543154627013,3,2024-01-13
User83,Stranger Things,Action,2.2487222938496303,1,2024-02-27
User87,Breaking Bad,Fantasy,0.9808986275250262,3,2024-01-25
User55,Breaking Bad,Fantasy,2.4968670625373326,5,2024-02-06
User33,Black Mirror,Sci-Fi,6.022614176753758,1,2024-01-30
User73,The Witcher,Action,3.0449051522289614,4,2024-02-06
User42,Stranger Things,Fantasy,1.380585714062614,4,2024-02-10
User99,Breaking Bad,Sci-Fi,0.9234781689040747,4,2024-01-07
User13,Breaking Bad,Fantasy,3.453965679565796,2,2024-01-16
User9,Stranger Things,Sci-Fi,2.6223467715768116,1,2024-02-05
User87,The Witcher,Fantasy,0.699970390780318,4,2024-01-18
User3,Black Mirror,Action,0.1072206459788833,4,2024-02-09
User54,Money Heist,Drama,4.418462790545983,4,2024-02-12
User99,The Witcher,Drama,3.4667105347101885,2,2024-02-22
User44,The Witcher,Thriller,0.029604811388883413,5,2024-02-07
User24,Breaking Bad,Drama,0.2656196466091774,2,2024-02-04
User25,The Crown,Drama,4.730323308045113,4,2024-01-24
User29,The Crown,Drama,6.620844442019276,4,2024-01-26
User65,Black Mirror,Action,0.6219085766691743,1,2024-02-09
User92,Breaking Bad,Action,0.2683208145687498,5,2024-02-11
User59,Money Heist,Drama,0.2561377737569413,5,2024-01-25
User33,Breaking Bad,Action,2.0536623853785643,4,2024-01-16
User80,The Crown,Fantasy,2.079510173121035,4,2024-02-16
User51,Stranger Things,Sci-Fi,3.5411288035082875,1,2024-02-25
User72,The Witcher,Sci-Fi,0.7216979399646261,3,2024-01-29
User29,Breaking Bad,Thriller,1.323595769118734,4,2024-01-23
User44,Breaking Bad,Action,6.330186808793513,1,2024-02-24
User5,Black Mirror,Thriller,2.0689730633375545,4,2024-01-22
User17,The Crown,Thriller,0.4358968491046164,2,2024-02-26
User26,Stranger Things,Thriller,0.7571022388593961,3,2024-01-11
User77,The Witcher,Action,0.9825875895555617,4,2024-01-11
User65,Stranger Things,Action,0.8229869073020382,4,2024-02-26
User47,Stranger Things,Thriller,2.3429890164178855,2,2024-01-05
User84,Black Mirror,Drama,1.1872315740204675,1,2024-02-19
User38,The Crown,Thriller,0.5538622606184095,5,2024-02-27
User21,Money Heist,Fantasy,1.9399558324397936,2,2024-01-14
User74,Money Heist,Fantasy,1.227186206698611,3,2024-01-30
User6,The Witcher,Action,4.559196115523102,4,2024-02-02
User81,The Crown,Fantasy,1.498303789410183,4,2024-02-13
User70,Stranger Things,Action,6.049490636404103,3,2024-01-26
User62,Stranger Things,Action,0.600972144984639,1,2024-01-18
User19,Money Heist,Thriller,7.9454404157507765,4,2024-02-13
User29,The Crown,Fantasy,5.754178071784992,3,2024-02-12
User80,Breaking Bad,Thriller,2.831942447448347,5,2024-02-11
User8,Money Heist,Action,0.5682841999595918,1,2024-02-12
User39,Stranger Things,Sci-Fi,6.446158530353356,2,2024-01-22
User93,Money Heist,Action,0.024353911775400666,2,2024-02-05
User92,Black Mirror,Thriller,3.2669809601882425,5,2024-01-24
User42,Black Mirror,Thriller,1.4459085297822025,3,2024-01-22
User27,Stranger Things,Fantasy,1.3112795092716114,5,2024-02-14
User10,Black Mirror,Drama,0.33401568425399225,3,2024-02-03
User1,Stranger Things,Fantasy,1.3138208309707409,3,2024-01-20
User20,The Witcher,Sci-Fi,0.11886938301258584,3,2024-01-26
User78,Stranger Things,Thriller,9.770373924007743,5,2024-01-20
User53,The Crown,Thriller,2.1378996459755877,2,2024-01-01
User58,Breaking Bad,Fantasy,7.328158176941787,2,2024-02-28
User75,Stranger Things,Drama,0.5193412555736082,1,2024-01-17
User22,Breaking Bad,Fantasy,0.5095012078792223,4,2024-01-05
User11,The Crown,Fantasy,1.4542287179901732,2,2024-02-20
User19,The Witcher,Action,1.1245988391658885,2,2024-02-09
User5,The Witcher,Action,3.465029215103724,4,2024-01-15
User93,Stranger Things,Sci-Fi,1.8018314744289243,4,2024-02-15
User91,Black Mirror,Thriller,5.653144586567092,5,2024-01-01
User67,The Crown,Fantasy,2.5947306253097016,5,2024-01-24
User24,Breaking Bad,Action,0.3287945020560986,1,2024-02-18
User87,The Witcher,Action,1.1075643223755363,5,2024-01-31
User53,Money Heist,Drama,2.3269646100864647e-05,1,2024-02-29
User54,Money Heist,Fantasy,2.568401925318324,5,2024-01-20
User3,The Crown,Action,6.813153637805498,3,2024-02-05
User41,The Witcher,Fantasy,1.0985411587744511,2,2024-01-30
User62,The Witcher,Drama,0.5828812033349058,3,2024-01-14
User57,Money Heist,Sci-Fi,15.385679033467836,4,2024-02-08
User16,Money Heist,Fantasy,1.563830031731039,1,2024-01-16
User59,Breaking Bad,Thriller,0.04177602476653089,2,2024-01-09
User81,The Crown,Thriller,1.3150484758515437,1,2024-01-04
User48,Black Mirror,Drama,0.2783893628124431,5,2024-02-07
User65,Stranger Things,Sci-Fi,0.9217889523745135,1,2024-01-24
User66,The Crown,Drama,0.26028683504806993,2,2024-02-08
User57,Stranger Things,Thriller,3.290865070249198,5,2024-01-09
User13,Money Heist,Action,7.681775244505231,3,2024-01-17
User63,Stranger Things,Action,2.2237311567695515,5,2024-02-24
User64,Stranger Things,Drama,0.9577423313643417,4,2024-02-01
User96,Black Mirror,Thriller,0.032384509643998284,3,2024-02-21
User35,Money Heist,Thriller,1.9137667328817538,2,2024-02-24
User4,The Crown,Fantasy,3.3979392020186507,1,2024-02-02
User49,The Crown,Fantasy,1.4055693378571474,3,2024-01-16
User6,The Witcher,Sci-Fi,6.092667054402251,3,2024-02-12
User74,Stranger Things,Action,2.261149864633862,4,2024-01-23
User2,Money Heist,Sci-Fi,1.3923654121374809,3,2024-02-19
User16,The Crown,Sci-Fi,0.024462538817942497,4,2024-02-02
User12,Money Heist,Fantasy,0.7328059290589237,3,2024-01-12
User17,Money Heist,Drama,1.1261342070335283,4,2024-01-14
User69,Money Heist,Sci-Fi,0.8796620984100891,2,2024-02-17
User19,Money Heist,Fantasy,0.14968653114091582,4,2024-02-02
User13,Black Mirror,Sci-Fi,3.0767366384705346,5,2024-02-25
User20,The Witcher,Thriller,5.669692593418906,1,2024-02-26
User8,Breaking Bad,Fantasy,7.55360646984477,2,2024-01-06
User58,The Witcher,Action,1.0336907535594775,5,2024-01-18
User90,Black Mirror,Drama,0.45741946245656456,1,2024-01-12
User71,The Crown,Sci-Fi,0.459664085742675,1,2024-02-04
User80,Breaking Bad,Action,1.5952662399011408,2,2024-02-12
User55,The Crown,Fantasy,5.194508580012844,4,2024-01-27
User41,Money Heist,Action,1.8278100955176482,4,2024-02-04
User66,Money Heist,Fantasy,0.030452027769782227,3,2024-01-06
User79,The Crown,Thriller,1.198171833157967,1,2024-02-28
User100,The Crown,Action,0.0040411154015328,4,2024-01-01
User83,Breaking Bad,Drama,0.336431693726194,3,2024-01-22
User51,The Witcher,Sci-Fi,2.9594615285364,4,2024-02-03
User30,Stranger Things,Fantasy,1.0490098230078868,1,2024-02-14
User68,Stranger Things,Drama,1.1965987466954007,1,2024-01-10
User36,Stranger Things,Fantasy,1.92074137249406,1,2024-01-10
User27,Money Heist,Thriller,0.19439999147721998,3,2024-01-21
User25,Black Mirror,Action,1.139748065066691,1,2024-01-27
User26,The Crown,Action,1.9001691557042915,1,2024-02-10
User42,Breaking Bad,Action,0.4563741614532632,1,2024-02-22
User23,Black Mirror,Drama,0.4826315485169453,5,2024-02-12
User48,Breaking Bad,Sci-Fi,1.228452110684271,3,2024-02-27
User33,The Crown,Thriller,0.9310685173975054,2,2024-01-18
User38,The Crown,Action,5.397502386392768,5,2024-02-25
User46,The Crown,Thriller,1.4414933188222203,3,2024-02-15
User8,The Crown,Thriller,1.1154698919049784,5,2024-01-06
User89,Stranger Things,Action,0.9191529071062944,5,2024-01-09
User82,The Crown,Fantasy,1.0598112105641688,2,2024-02-12
User60,Money Heist,Thriller,1.3840227311514781,2,2024-02-29
User37,Black Mirror,Thriller,3.4830063304143035,3,2024-02-27
User57,The Witcher,Action,1.7843314833890969,5,2024-02-12
User54,Black Mirror,Action,0.22274201418164916,3,2024-01-14
User38,Breaking Bad,Drama,0.6028497418291304,5,2024-02-17
User29,The Witcher,Drama,0.4107219673553782,5,2024-02-19
User71,The Crown,Fantasy,3.50301807509263,3,2024-02-04
User68,The Witcher,Drama,0.7415676594319272,4,2024-01-27
User56,Breaking Bad,Drama,0.8828664758345155,2,2024-02-21
User88,Stranger Things,Fantasy,0.7357486519134074,5,2024-02-05
User49,Breaking Bad,Thriller,5.664535208962706,1,2024-02-18
User85,The Witcher,Drama,0.1616410348205942,5,2024-02-04
User39,Money Heist,Drama,3.9153934739117062,2,2024-01-23
User81,Black Mirror,Sci-Fi,1.070633068189969,1,2024-01-29
User37,The Witcher,Action,0.5216860622201293,5,2024-01-17
User85,Breaking Bad,Fantasy,2.6365317419676026,2,2024-01-30
User22,Money Heist,Drama,0.846942358586396,3,2024-02-01
User42,The Crown,Thriller,0.8747517492021876,4,2024-02-20
User36,Breaking Bad,Drama,0.4762461993767813,3,2024-01-14
User39,Money Heist,Sci-Fi,0.8179640696196492,4,2024-01-24
User72,The Crown,Fantasy,1.0713839116949646,1,2024-02-02
User19,The Crown,Thriller,1.0615966484670711,2,2024-01-01
User29,Breaking Bad,Thriller,1.0619141333481446,1,2024-02-03
User93,The Witcher,Drama,1.3691827728738126,5,2024-01-29
User39,Breaking Bad,Drama,0.46197878375889284,5,2024-01-26
User49,The Crown,Thriller,1.417760858989938,5,2024-01-01
User62,Stranger Things,Sci-Fi,0.143090623058744,5,2024-01-03
User79,The Witcher,Fantasy,0.5018016411022844,2,2024-02-29
User16,Stranger Things,Action,2.389863721230095,1,2024-01-29
User86,Stranger Things,Sci-Fi,0.27252490228791687,1,2024-01-07
User78,The Witcher,Sci-Fi,3.43626080900349,1,2024-02-14
User15,The Crown,Sci-Fi,0.1574365793759157,1,2024-02-09
User18,The Crown,Thriller,0.13864359120726946,4,2024-02-16
User57,Black Mirror,Action,1.5774896070884563,1,2024-02-14
User82,Breaking Bad,Fantasy,3.257389738244296,4,2024-01-29
User93,The Crown,Sci-Fi,0.14514893865826775,3,2024-02-24
User62,Black Mirror,Sci-Fi,0.922426941175582,3,2024-02-27
User95,The Crown,Sci-Fi,0.953578115547307,2,2024-02-18
User9,Black Mirror,Action,0.20046205970431064,1,2024-02-05
User8,Stranger Things,Thriller,1.5882893745052544,5,2024-02-08
User96,Breaking Bad,Action,0.30240061536884816,5,2024-01-19
User64,Black Mirror,Fantasy,0.9775418288639849,4,2024-01-09
User92,Money Heist,Fantasy,0.3455637064685612,3,2024-01-21
User64,Breaking Bad,Action,3.8290064696357873,5,2024-01-22
User62,Breaking Bad,Action,1.2846086116333792,5,2024-01-11
User54,The Crown,Drama,0.5528266162686913,3,2024-01-02
User94,Money Heist,Action,2.57720608299388,3,2024-01-15
User80,Stranger Things,Thriller,2.382482689707693,4,2024-02-20
User90,Breaking Bad,Drama,0.6347602237087439,1,2024-02-16
User67,Money Heist,Sci-Fi,2.0232603726475156,1,2024-01-30
User45,Black Mirror,Fantasy,2.372534021514961,5,2024-01-27
User100,Money Heist,Thriller,2.1692350168233645,4,2024-02-01
User23,Money Heist,Action,2.971456635112405,4,2024-01-12
User33,Black Mirror,Drama,1.2472054132677108,5,2024-01-21
User96,The Crown,Fantasy,1.9887201176562823,2,2024-02-17
User6,Stranger Things,Sci-Fi,1.443920806468527,5,2024-01-07
User77,Money Heist,Thriller,3.7270009837040603,3,2024-02-02
User54,The Witcher,Sci-Fi,13.611502439778564,3,2024-01-31
User91,The Witcher,Thriller,0.011469990104889707,3,2024-02-04
User95,The Witcher,Fantasy,0.27870959114791277,4,2024-01-11
User59,The Witcher,Sci-Fi,1.0417916560179454,4,2024-02-17
User35,Money Heist,Thriller,2.449429559752721,4,2024-02-01
User55,The Crown,Thriller,1.6574543721485042,5,2024-01-21
User10,The Crown,Drama,0.14369745624917313,5,2024-01-19
User43,Breaking Bad,Thriller,0.298010697320962,1,2024-01-20
User48,The Crown,Sci-Fi,5.294084811731123,4,2024-01-05
User63,The Crown,Fantasy,10.866492384029632,4,2024-02-19
User4,Money Heist,Drama,1.2366988116925408,1,2024-01-14
User75,The Crown,Fantasy,2.2465455618782633,2,2024-02-25
User87,The Crown,Fantasy,1.9974082013902204,1,2024-02-28
User89,Stranger Things,Thriller,1.617958934340568,1,2024-01-07
User4,Stranger Things,Action,0.08652969916752493,2,2024-02-16
User81,The Witcher,Thriller,0.03866100824128207,1,2024-02-24
User59,The Crown,Action,1.2134709236026089,4,2024-01-30
User38,The Crown,Action,1.3407983106552035,5,2024-01-13
User66,The Witcher,Drama,0.648726759385217,4,2024-02-23
User26,The Crown,Action,0.876776328331348,4,2024-01-08
User29,Breaking Bad,Drama,1.8671126336260515,4,2024-02-24
User16,Money Heist,Sci-Fi,0.4745656616187025,5,2024-02-28
User56,The Crown,Fantasy,3.2196102804766347,1,2024-02-04
User51,Black Mirror,Fantasy,4.553169418958063,1,2024-01-08
User79,The Witcher,Action,0.853909988271324,5,2024-02-24
User12,Stranger Things,Drama,3.8284973097342796,5,2024-01-19
User11,Breaking Bad,Thriller,1.076455508629092,2,2024-02-03
User20,Breaking Bad,Thriller,0.15553653693406347,5,2024-01-20
User3,The Witcher,Drama,6.869185622368582,4,2024-02-25
User23,The Crown,Fantasy,0.5292492139763533,4,2024-01-10
User39,Black Mirror,Drama,0.8729727199505648,5,2024-02-01
User36,The Witcher,Thriller,3.3112112595127976,2,2024-02-07
User88,Money Heist,Thriller,3.535862078905505,3,2024-01-28
User46,Money Heist,Fantasy,1.3020771146259504,2,2024-02-09
User24,The Crown,Action,0.6394201891424889,1,2024-01-01
User95,Breaking Bad,Drama,2.5118410802252864,5,2024-02-25
User98,Stranger Things,Fantasy,0.8525473299719472,2,2024-02-20
User76,Stranger Things,Thriller,0.7533923521313282,5,2024-01-17
User32,Stranger Things,Action,0.031899389638632134,5,2024-01-18
User77,Stranger Things,Action,1.3201245960149812,3,2024-02-29
User71,Stranger Things,Sci-Fi,3.216056948505004,4,2024-02-28
User89,Money Heist,Fantasy,4.412436878791054,1,2024-02-06
User6,The Crown,Fantasy,1.731739352196458,2,2024-01-14
User95,Money Heist,Action,7.028867287160384,1,2024-01-13
User32,The Crown,Action,0.3613712780059946,3,2024-01-28
User3,The Witcher,Thriller,4.670026058523286,5,2024-02-07
User72,Money Heist,Drama,3.0802258251542862,3,2024-01-10
User3,The Crown,Action,1.6274001967779157,5,2024-01-05
User62,Black Mirror,Drama,0.05112253851565217,5,2024-02-27
User84,Money Heist,Action,0.0013072086281407382,2,2024-02-19
User49,Black Mirror,Action,2.774715964639595,4,2024-02-02
User1,The Witcher,Drama,0.69613589842138,2,2024-01-27
User23,Money Heist,Sci-Fi,0.5440024013938879,3,2024-01-13
User39,The Witcher,Drama,2.9613532606316615,5,2024-01-16
User2,Money Heist,Thriller,1.4386626854916877,5,2024-02-01
User93,Money Heist,Thriller,0.3743667847223361,5,2024-01-30
User21,Stranger Things,Sci-Fi,1.9096948618814267,1,2024-02-21
User74,Black Mirror,Fantasy,0.10309825384713728,4,2024-01-30
User33,Stranger Things,Action,5.272859726676444,1,2024-02-13
User99,The Crown,Thriller,0.4854193482718104,4,2024-02-02
User78,Stranger Things,Drama,0.4193175125036961,3,2024-01-12
User65,The Crown,Thriller,0.9954686364875107,3,2024-02-08
User43,Stranger Things,Drama,0.5408197321442336,5,2024-01-21
User85,Money Heist,Thriller,0.7655966216106245,5,2024-02-20
User54,Stranger Things,Drama,0.534257754488062,3,2024-01-24
User49,The Witcher,Sci-Fi,0.6956453570062677,3,2024-02-08
User28,The Crown,Drama,2.119072586271917,4,2024-01-02
User38,The Witcher,Sci-Fi,1.4117772557055963,2,2024-02-18
User43,Black Mirror,Thriller,1.2162123939787168,2,2024-02-01
User81,Stranger Things,Action,1.9493738632326567,3,2024-02-27
User99,Money Heist,Sci-Fi,3.7880391321493154,2,2024-01-18
User48,Stranger Things,Action,0.4109340907290141,2,2024-01-04
User38,Black Mirror,Sci-Fi,0.19381607324077602,4,2024-01-31
User88,Money Heist,Fantasy,1.1837623701721773,2,2024-01-03
User24,Money Heist,Thriller,4.702843691779908,4,2024-02-09
User10,The Crown,Sci-Fi,0.6970358536243016,3,2024-02-27
User27,Stranger Things,Sci-Fi,0.4776499218606454,5,2024-02-13
User26,Breaking Bad,Thriller,4.518339612061791,4,2024-01-23
User48,Stranger Things,Drama,2.6165337517299605,3,2024-02-27
User21,Stranger Things,Action,3.5551116925828463,5,2024-02-02
User38,The Witcher,Thriller,0.7131843798030919,4,2024-01-15
User46,Stranger Things,Fantasy,1.7522420777514516,2,2024-01-05
User70,Stranger Things,Sci-Fi,0.8430599798391506,4,2024-01-27
User18,The Witcher,Action,4.127441826160277,3,2024-02-09
User10,Stranger Things,Action,0.02173989608602943,3,2024-01-05
User53,The Witcher,Sci-Fi,7.881691544475004,5,2024-01-05
User73,The Crown,Thriller,2.685448372998121,4,2024-02-20
User30,The Crown,Action,0.5047896101798635,2,2024-01-13
User72,The Witcher,Fantasy,3.4156481608107057,2,2024-01-30
User73,Breaking Bad,Fantasy,0.5490598592456747,2,2024-02-24
User31,Black Mirror,Drama,2.355384083915408,5,2024-02-16
User1,Stranger Things,Drama,1.7237554508414623,2,2024-01-21
User79,Stranger Things,Sci-Fi,0.8640877579596332,1,2024-01-17
User90,The Witcher,Drama,3.598667595478082,5,2024-01-06
User35,Money Heist,Fantasy,1.7182733689990946,5,2024-01-27
User13,Stranger Things,Fantasy,0.45693227966127825,4,2024-01-06
User69,Money Heist,Thriller,2.3031810678000015,1,2024-02-03
User26,The Witcher,Thriller,1.0476464725813395,3,2024-02-19
User18,Black Mirror,Drama,5.265009086457865,5,2024-01-07
User44,The Crown,Sci-Fi,0.09007920935364258,3,2024-01-17
User35,The Crown,Action,1.5999659208405992,2,2024-02-17
User44,The Witcher,Fantasy,0.9350787604305564,3,2024-02-19
User65,The Crown,Action,1.0660487975713995,2,2024-01-14
User37,Money Heist,Action,1.6253394892948592,4,2024-01-16
User62,Black Mirror,Fantasy,0.4971501081163066,5,2024-01-02
User31,The Crown,Sci-Fi,0.6085525740701055,5,2024-01-02
User8,Black Mirror,Sci-Fi,0.9548357400989614,5,2024-02-26
User80,The Crown,Thriller,0.7561644186384648,2,2024-01-05
User93,Black Mirror,Thriller,3.479907912785409,5,2024-01-23
User69,Money Heist,Thriller,0.5413732100899604,4,2024-01-04
User93,Money Heist,Thriller,3.7185225166839624,2,2024-02-01
User73,The Witcher,Thriller,1.7021402022541303,3,2024-01-03
User11,The Crown,Drama,2.3860334930074147,4,2024-01-17
User41,The Crown,Fantasy,3.8925036136616105,3,2024-01-22
User65,Black Mirror,Sci-Fi,1.2117499082821328,2,2024-01-03
User9,Black Mirror,Action,2.1547154416096235,1,2024-01-18
User73,Breaking Bad,Sci-Fi,4.362847845528654,5,2024-02-16
User87,Money Heist,Drama,0.3492439916158676,5,2024-02-25
User25,Breaking Bad,Thriller,0.1757565865992188,2,2024-01-30
User41,Stranger Things,Sci-Fi,1.8448663259091052,2,2024-01-10
User99,The Crown,Sci-Fi,3.5456907436791147,5,2024-01-07
User81,Money Heist,Thriller,5.2199548984198305,2,2024-01-18
User54,The Crown,Sci-Fi,1.0894683994892536,3,2024-01-18
User99,The Witcher,Sci-Fi,1.7505489955395312,1,2024-02-13
User47,Breaking Bad,Action,0.9054681011276424,4,2024-02-08
User2,Breaking Bad,Sci-Fi,1.5330189159471816,4,2024-01-12
User13,Money Heist,Sci-Fi,3.2761769497430455,5,2024-01-17
User36,The Witcher,Fantasy,0.18843729018164615,4,2024-01-28
User93,Black Mirror,Fantasy,0.1744407933309361,2,2024-01-07
User52,Black Mirror,Fantasy,1.1671763068455399,3,2024-01-15
User100,Money Heist,Action,0.35196504213663665,2,2024-01-21
User64,The Witcher,Sci-Fi,4.833808366904528,5,2024-01-20
User25,Money Heist,Action,1.047537284395852,2,2024-01-05
User54,Black Mirror,Fantasy,0.823567454860401,2,2024-01-13
User43,Money Heist,Fantasy,0.8456832413077023,4,2024-02-21
User36,Stranger Things,Sci-Fi,1.0596906203060057,4,2024-02-16
User79,Stranger Things,Action,2.2361537873771606,4,2024-02-19
User82,The Witcher,Action,2.1364718708507833,3,2024-02-06
User22,Breaking Bad,Action,0.6311864928669911,2,2024-01-13
User42,Stranger Things,Thriller,1.404856330365671,4,2024-01-19
User94,The Crown,Drama,1.4148266153605293,3,2024-01-31
User53,Breaking Bad,Sci-Fi,1.0593050724098019,2,2024-01-02
User60,Stranger Things,Fantasy,1.122914989312118,1,2024-01-11
User85,Black Mirror,Thriller,1.482997180033579,4,2024-01-31
User81,Stranger Things,Sci-Fi,9.647335901062862,1,2024-02-16
User92,The Witcher,Thriller,3.135282778381885,2,2024-01-24
User4,Black Mirror,Sci-Fi,0.26924728383328744,2,2024-02-12
User75,The Witcher,Sci-Fi,0.7840991325684686,2,2024-01-27
User54,Breaking Bad,Drama,2.2947594012803956,4,2024-02-23
User30,Black Mirror,Action,2.9270535772460016,5,2024-01-10
User60,Breaking Bad,Drama,1.9634201881003825,1,2024-02-23
User42,The Witcher,Fantasy,1.862793344864332,4,2024-02-19
User27,Stranger Things,Thriller,0.40534014413549785,1,2024-01-02
User12,Stranger Things,Action,0.05647779700518178,2,2024-02-01
User98,Black Mirror,Action,3.005256099815567,3,2024-02-29
User36,Money Heist,Sci-Fi,2.0070319375083283,1,2024-01-14
User66,The Witcher,Action,1.7930587735516317,4,2024-02-08
User24,The Witcher,Thriller,1.5823860422524894,5,2024-01-18
User88,Money Heist,Thriller,4.984299231569099,4,2024-01-22
User70,Black Mirror,Fantasy,0.6944492539113958,5,2024-02-05
User56,Stranger Things,Drama,3.6345340867542943,4,2024-01-18
User38,The Crown,Fantasy,0.6347836286486623,3,2024-01-05
User68,The Witcher,Sci-Fi,1.8001527100201276,4,2024-01-16
User81,The Witcher,Fantasy,0.8393235880046686,4,2024-01-17
User41,Money Heist,Action,2.0984334542304595,5,2024-01-27
User87,The Crown,Sci-Fi,6.143863443161899e-05,3,2024-01-17
User92,The Crown,Fantasy,6.322707139547448,3,2024-01-05
User73,The Witcher,Drama,0.9691550720233519,2,2024-02-14
User69,Black Mirror,Sci-Fi,0.5496610133267895,1,2024-01-20
User44,The Crown,Sci-Fi,1.5180260348042014,2,2024-01-16
User99,Black Mirror,Sci-Fi,3.347673644440077,2,2024-02-22
User1,Stranger Things,Thriller,2.2325788005109386,5,2024-02-17
User51,Stranger Things,Sci-Fi,2.682686951387161,5,2024-01-27
User76,Black Mirror,Fantasy,0.5934281336043284,4,2024-02-20
User19,Money Heist,Sci-Fi,1.9308187606479257,5,2024-01-13
User60,Stranger Things,Action,1.1705011099140665,5,2024-02-14
User86,The Crown,Sci-Fi,0.5124525924400551,2,2024-01-26
User26,The Crown,Fantasy,1.5590422672726518,4,2024-02-25
User83,The Crown,Action,1.2855329307258425,3,2024-01-26
User42,The Crown,Sci-Fi,0.08493619689286841,3,2024-01-19
User64,Money Heist,Action,0.7356766328764053,2,2024-01-28
User65,The Crown,Sci-Fi,0.2916436638686538,3,2024-02-08
User61,Black Mirror,Drama,2.410826343357611,4,2024-02-12
User51,The Witcher,Fantasy,0.04231268667938538,1,2024-01-13
User89,The Witcher,Drama,6.795258503157673,4,2024-01-11
User96,Stranger Things,Thriller,1.0630083437653235,1,2024-01-23
User45,Breaking Bad,Action,1.7337213836721659,1,2024-01-26
User25,Money Heist,Fantasy,0.8289267445893215,4,2024-01-14
User78,The Crown,Action,12.19310709721432,4,2024-01-29
User45,Money Heist,Drama,1.0716909028020185,2,2024-02-28
User47,The Witcher,Action,1.0115036112051639,1,2024-02-11
User7,Money Heist,Drama,6.182985979456845,1,2024-01-10
User10,Stranger Things,Fantasy,0.23578576488963418,3,2024-02-21
User33,Stranger Things,Action,0.9943137713213623,2,2024-01-04
User17,Black Mirror,Sci-Fi,2.3959710655656963,4,2024-01-01
User71,Money Heist,Thriller,4.110092073748675,3,2024-01-08
User24,The Crown,Action,1.5542705258093839,3,2024-02-12
User27,Money Heist,Drama,1.0093976138574237,4,2024-01-29
User16,The Crown,Sci-Fi,1.1339860611906358,4,2024-02-06
User17,Money Heist,Thriller,1.26943721954884,1,2024-01-04
User30,Money Heist,Sci-Fi,3.134766960221771,4,2024-01-30
User36,Breaking Bad,Thriller,0.648883684960762,5,2024-01-01
User58,Breaking Bad,Thriller,0.3899712733624854,4,2024-01-08
User24,Money Heist,Sci-Fi,1.452511745116336,5,2024-01-30
User42,Stranger Things,Thriller,3.3180446646740895,3,2024-02-08
User9,Money Heist,Fantasy,0.025982500051156106,5,2024-02-02
User62,The Witcher,Thriller,2.0654051754475944,5,2024-02-13
User54,Breaking Bad,Sci-Fi,0.41967406879614694,2,2024-02-13
User38,The Witcher,Thriller,1.1688630447439305,3,2024-01-31
User11,Black Mirror,Sci-Fi,1.7734661089248769,1,2024-02-03
User93,Money Heist,Thriller,3.4966220481978527,2,2024-01-25
User57,The Witcher,Sci-Fi,6.337594882863896,4,2024-02-01
User92,The Crown,Drama,1.695431593007745,5,2024-01-22
User32,The Witcher,Fantasy,2.8852407598432426,3,2024-01-10
User39,Breaking Bad,Fantasy,0.024835658291375802,3,2024-01-19
User10,Black Mirror,Fantasy,0.9778251461834561,4,2024-02-16
User38,The Witcher,Fantasy,1.3205635662165136,2,2024-01-20
User47,Black Mirror,Sci-Fi,0.1280989709773141,5,2024-01-08
User87,The Witcher,Sci-Fi,4.208017934861908,4,2024-01-14
User77,The Witcher,Drama,4.990956901434167,2,2024-02-10
User22,Stranger Things,Fantasy,1.200017592797474,2,2024-02-12
User80,Money Heist,Drama,0.16065847959723786,4,2024-01-25
User81,Black Mirror,Thriller,2.8273976348985856,1,2024-02-05
User23,The Crown,Fantasy,5.951101281159521,2,2024-01-13
User43,Money Heist,Action,0.15972791472624923,4,2024-02-26
